{
    "Mean Squared Error": 0.7704646589906351,
    "R2 Score": 0.23020999082187765
}